{
  "host": "192.168.91.1",
  "name": "order_web",
  "port": 8083,
  "tags": ["mxshop","imooc","bobby","order","web"],
  "goods_srv": {
    "name": "goods_srv"
  },
  "order_srv": {
    "name": "order_srv"
  },
  "inventory_srv": {
    "name": "inventory_srv"
  },
  "jwt": {
    "key": "VYLDYq3&hGWjWqF$K1ih"
  },
  "consul": {
    "host": "192.168.91.129",
    "port": 8500
  },
  "jaeger": {
    "host": "192.168.91.129",
    "port": 6381,
    "name": "ja_order_api"
  },
  "alipay":{
    "app_id":"2021000121645456",
    "private_key":"MIIEowIBAAKCA",
    "ali_public_key":"MIIBIjANBgkq",
    "notify_url":"http://xxx",
    "return_url":"http://127.0.0.1:8089"
  }
}